{
  "project_info": {
    "project_number": "627261114500",
    "firebase_url": "https://kips-coaching-default-rtdb.firebaseio.com",
    "project_id": "kips-coaching",
    "storage_bucket": "kips-coaching.firebasestorage.app"
  },
  "client": [
    {
      "client_info": {
        "mobilesdk_app_id": "1:627261114500:android:b94fdafbc38e9f0d615ad1",
        "android_client_info": {
          "package_name": "com.example.kipscoachingkharian"
        }
      },
      "oauth_client": [],
      "api_key": [
        {
          "current_key": "AIzaSyDfNz-zHgSy1ST-EK9Adt_ZtZ9c8V5ER-Q"
        }
      ],
      "services": {
        "appinvite_service": {
          "other_platform_oauth_client": []
        }
      }
    }
  ],
  "configuration_version": "1"
}