{
  "project_info": {
    "project_number": "945418177574",
    "firebase_url": "https://kipscoachingapp-default-rtdb.firebaseio.com",
    "project_id": "kipscoachingapp",
    "storage_bucket": "kipscoachingapp.firebasestorage.app"
  },
  "client": [
    {
      "client_info": {
        "mobilesdk_app_id": "1:945418177574:android:c77e5f1d40a85f5036eae7",
        "android_client_info": {
          "package_name": "com.example.kipscoachingkharian"
        }
      },
      "oauth_client": [],
      "api_key": [
        {
          "current_key": "AIzaSyCfiIkZTpEF7mrU_KpnHeXjwHw1h_S84Ow"
        }
      ],
      "services": {
        "appinvite_service": {
          "other_platform_oauth_client": []
        }
      }
    },
    {
      "client_info": {
        "mobilesdk_app_id": "1:945418177574:android:dd1eb269ca03599936eae7",
        "android_client_info": {
          "package_name": "kips.coaching.app"
        }
      },
      "oauth_client": [],
      "api_key": [
        {
          "current_key": "AIzaSyCfiIkZTpEF7mrU_KpnHeXjwHw1h_S84Ow"
        }
      ],
      "services": {
        "appinvite_service": {
          "other_platform_oauth_client": []
        }
      }
    }
  ],
  "configuration_version": "1"
}